{
  "num_pairs": 3000,
  "auc@5": 0.0,
  "auc@10": 0.0,
  "auc@20": 0.019443637105201358,
  "precision": 3.8362355007056355
}