{
  "num_pairs": 1500,
  "auc@5": 0.0,
  "auc@10": 0.06639042101390495,
  "auc@20": 0.24976970523648184,
  "precision": 3.470899950521834
}