{
  "num_pairs": 3000,
  "auc@5": 0.0,
  "auc@10": 0.0,
  "auc@20": 0.08871466772783,
  "precision": 1.5321691802393678
}