{
  "num_pairs": 3000,
  "auc@5": 0.0,
  "auc@10": 0.03163991288825483,
  "auc@20": 0.09659915078945779,
  "precision": 3.1624143403927296
}