{
  "num_pairs": 1500,
  "auc@5": 0.04371521466526151,
  "auc@10": 0.26073021107788724,
  "auc@20": 1.432864967369528,
  "precision": 10.975008261592514
}