{
  "num_pairs": 1500,
  "auc@5": 0.0,
  "auc@10": 0.09357946995056637,
  "auc@20": 0.9591176470413653,
  "precision": 5.513026106465911
}