{
  "num_pairs": 1500,
  "auc@5": 0.0,
  "auc@10": 0.2597633659642129,
  "auc@20": 1.838385641905993,
  "precision": 28.831251893792214
}