{
  "num_pairs": 3000,
  "auc@5": 0.0,
  "auc@10": 0.017412596759723932,
  "auc@20": 0.27140417256463273,
  "precision": 0.20986762610675141
}