{
  "num_pairs": 3000,
  "auc@5": 0.02137079912821696,
  "auc@10": 0.06998815050890246,
  "auc@20": 0.9796355265055422,
  "precision": 4.364759996453785
}