{
  "num_pairs": 1500,
  "auc@5": 0.22759849848908745,
  "auc@10": 1.1848890051389738,
  "auc@20": 4.441208238209308,
  "precision": 32.19572798055871
}