{
  "num_pairs": 3000,
  "auc@5": 0.0,
  "auc@10": 0.02090696430040786,
  "auc@20": 0.10777887486897642,
  "precision": 5.128451656477133
}