{
  "num_pairs": 3000,
  "auc@5": 0.23599699132347027,
  "auc@10": 1.0742919871863352,
  "auc@20": 3.3125163596415583,
  "precision": 49.167520356646065
}